<?xml version="1.0" encoding="UTF-8"?>
<project-private xmlns="http://www.netbeans.org/ns/project-private/1">
    <editor-bookmarks xmlns="http://www.netbeans.org/ns/editor-bookmarks/2" lastBookmarkId="0"/>
    <open-files xmlns="http://www.netbeans.org/ns/projectui-open-files/2">
        <group>
            <file>file:/C:/Users/user/Desktop/netbeansproject/Exam_222007314_ABIZEYIMANA_Pascal/src/register.java</file>
            <file>file:/C:/Users/user/Desktop/netbeansproject/Exam_222007314_ABIZEYIMANA_Pascal/src/home.java</file>
            <file>file:/C:/Users/user/Desktop/netbeansproject/Exam_222007314_ABIZEYIMANA_Pascal/src/me.jpg</file>
            <file>file:/C:/Users/user/Desktop/netbeansproject/Exam_222007314_ABIZEYIMANA_Pascal/src/clogo.jpg</file>
            <file>file:/C:/Users/user/Desktop/netbeansproject/Exam_222007314_ABIZEYIMANA_Pascal/src/login.java</file>
        </group>
    </open-files>
</project-private>
